scenario,budget,method,seed,ncase,B_RMSE_uT,E_RMSE_MHz,D_RMSE_MHz,B_bias_uT,catastrophic_rate_30uT,coverage95_IDcal,latency_ms_per_spectrum
ID,100000,cnn,1,192,23.03137257695198,0.568019688129425,0.40866175293922424,-1.740912557579577,0.15104166666666666,0.5729166666666666,0.04817135413759388
ID,100000,cnn,2,192,22.01944775879383,0.573375403881073,0.4482129216194153,-1.9901820924133062,0.10416666666666667,0.5833333333333334,0.004621354188808861
ID,100000,cnn,3,192,22.15499058365822,0.5559483766555786,0.38481616973876953,1.0555307380855083,0.140625,0.6041666666666666,0.0039843750225069625
ID,100000,physics_cnn,1,192,22.948088124394417,0.5682529807090759,0.4082961976528168,-1.773813390173018,0.140625,0.5677083333333334,0.0039989583153025405
ID,100000,hybrid,1,192,22.0486659346396,0.792992328093101,0.3921959520540286,-2.579504662957742,0.11458333333333333,,10.455110416690633
ID,100000,physics_cnn,2,192,22.002089768648148,0.5732641816139221,0.44620004296302795,-1.9421655451878905,0.109375,0.5833333333333334,0.008779166667712465
ID,100000,hybrid,2,192,22.104758643653263,0.7947303418808379,0.37961886208921014,-3.166461907119546,0.11458333333333333,,11.725769270848712
ID,100000,physics_cnn,3,192,22.14142493903637,0.5572445392608643,0.3853151798248291,1.0181290563195944,0.13541666666666666,0.6041666666666666,0.016844791616676957
ID,100000,hybrid,3,192,22.03651756124503,0.7930358349325102,0.3934167807074478,-2.513175876963804,0.11458333333333333,,11.682323958287574
ID,100000,single_bias,1,192,69.57273930311203,0.709354817867279,0.5125288367271423,1.7421180382370949,0.7552083333333334,0.9791666666666666,0.02117916665156372
ID,100000,single_bias,2,192,68.80489736795425,0.7311692833900452,0.5200316905975342,1.6575190238654613,0.7239583333333334,0.9583333333333334,0.012045312511569742
ID,100000,single_bias,3,192,69.04008984565735,0.726807713508606,0.4989832639694214,-0.47346236533485353,0.78125,0.96875,0.012610937498417721
ID,100000,Poisson_MLE_1,0,192,23.500150992822284,0.7881288207666006,0.34265815180992515,-2.0893486119267877,0.11979166666666667,,15.836427604199343
ID,100000,Poisson_MLE_4,0,192,22.26930931644512,0.8325667431823154,0.4016638102795622,-2.6321916121277376,0.11979166666666667,,64.191203645881
ID,1000000,cnn,1,192,7.281927391886711,0.26716315746307373,0.11921380460262299,-0.5280456389300525,0.0,0.9375,0.014974479199736379
ID,1000000,cnn,2,192,6.9263651967048645,0.25502631068229675,0.12722808122634888,-0.26281317695975304,0.0,0.953125,0.013292708369287235
ID,1000000,cnn,3,192,7.095655892044306,0.2615185081958771,0.12414880096912384,1.943458802998066,0.0,0.9427083333333334,0.01349114586446376
ID,1000000,physics_cnn,1,192,7.273598574101925,0.26720619201660156,0.11835107207298279,-0.566542090382427,0.0,0.9270833333333334,0.01211249999262994
ID,1000000,hybrid,1,192,5.897184268837818,0.23606675292849205,0.09961867230779291,0.3227203851885084,0.0,,6.177237499969124
ID,1000000,physics_cnn,2,192,6.907586473971605,0.2544861435890198,0.12649638950824738,-0.2669946989044547,0.0,0.953125,0.014324479176745323
ID,1000000,hybrid,2,192,5.897261736149426,0.23609786319606943,0.0996192085848836,0.3229192422192947,0.0,,6.081847916675542
ID,1000000,physics_cnn,3,192,7.086137775331736,0.2617367208003998,0.12379276752471924,1.9121739314869046,0.0,0.9427083333333334,0.016832812510377455
ID,1000000,hybrid,3,192,5.897156172513416,0.23608897428932224,0.09961635796482059,0.32283987451333496,0.0,,6.31692083334201
ID,1000000,single_bias,1,192,68.56871396303177,0.6130629181861877,0.18099923431873322,2.0045489072799683,0.7604166666666666,0.96875,0.014468749971759584
ID,1000000,single_bias,2,192,68.38764995336533,0.6115285754203796,0.17563270032405853,-0.21025445312261581,0.7239583333333334,0.9635416666666666,0.012546354128062376
ID,1000000,single_bias,3,192,68.21348518133163,0.611245334148407,0.18040518462657928,-0.39264498627744615,0.7135416666666666,0.953125,0.013180729183659423
ID,1000000,Poisson_MLE_1,0,192,5.8984408312044305,0.23602362537419386,0.09962216198781171,0.32326428427384146,0.0,,10.097335416655065
ID,1000000,Poisson_MLE_4,0,192,5.898159572828923,0.2361340672470678,0.09962199562389797,0.3231358269192559,0.0,,41.12822916666422
ID,10000000,cnn,1,192,3.8408967666327953,0.1420660763978958,0.06686098873615265,-0.556373328436166,0.0,1.0,0.014482812503047171
ID,10000000,cnn,2,192,3.1411757227033377,0.1445372849702835,0.05869894102215767,-0.020550229237414896,0.0,1.0,0.012500520824687555
ID,10000000,cnn,3,192,3.552364418283105,0.1384575217962265,0.058878716081380844,1.3767015188932419,0.0,1.0,0.012197395866072233
ID,10000000,physics_cnn,1,192,3.824196755886078,0.14238782227039337,0.06599701941013336,-0.5966266035102308,0.0,1.0,0.012196354115682576
ID,10000000,hybrid,1,192,1.758694012839073,0.10338126135227156,0.03093880243376432,-0.06380106207206103,0.0,,5.092686458283424
ID,10000000,physics_cnn,2,192,3.1505327206104994,0.14370594918727875,0.05772155523300171,-0.02142654557246715,0.0,1.0,0.013771875046586501
ID,10000000,hybrid,2,192,1.7586660101706193,0.1031642296927385,0.030938213642479447,-0.06383861294259595,0.0,,4.965531770873592
ID,10000000,physics_cnn,3,192,3.527008229866624,0.1387440413236618,0.058241505175828934,1.325440127402544,0.0,1.0,0.014794791695749154
ID,10000000,hybrid,3,192,1.7586457993149585,0.10324209816349357,0.03093833458678717,-0.06381249475017804,0.0,,5.093606250056837
ID,10000000,single_bias,1,192,69.95349377393723,0.6460928916931152,0.0745464339852333,5.239799618721008,0.734375,0.9375,0.01880468751854399
ID,10000000,single_bias,2,192,69.98421996831894,0.6505481004714966,0.07470664381980896,1.323933363892138,0.765625,0.953125,0.013202604198644016
ID,10000000,single_bias,3,192,69.95657831430435,0.6487276554107666,0.07176573574542999,4.899123217910528,0.7447916666666666,0.9427083333333334,0.01269791664526565
ID,10000000,Poisson_MLE_1,0,192,1.7587990712287704,0.10374119512845265,0.030938501638979713,-0.06374796756477702,0.0,,9.531999479122533
ID,10000000,Poisson_MLE_4,0,192,1.7587257081350502,0.10353351712314504,0.030937950885287842,-0.06374904026257765,0.0,,37.86952552081857
ZFS_shift,100000,cnn,1,192,45.03898695111275,0.9080457091331482,1.9274489879608154,-3.796675940975547,0.3802083333333333,0.3489583333333333,0.013982291723853754
ZFS_shift,100000,cnn,2,192,47.56658896803856,0.9716410636901855,2.3024561405181885,-9.017731994390488,0.4114583333333333,0.3645833333333333,0.012719270822951026
ZFS_shift,100000,cnn,3,192,50.62447860836983,0.9623720645904541,2.22639536857605,-2.554855542257428,0.4114583333333333,0.3333333333333333,0.0133630207983515
ZFS_shift,100000,physics_cnn,1,192,45.06753012537956,0.9061582684516907,1.9270166158676147,-3.745592897757888,0.3854166666666667,0.3385416666666667,0.012615104121020218
ZFS_shift,100000,hybrid,1,192,36.82155545178639,0.9263583253808649,0.9495905438013353,1.510908152176268,0.125,,15.729815624960489
ZFS_shift,100000,physics_cnn,2,192,47.57349193096161,0.9708247184753418,2.289530038833618,-8.967231027781963,0.40625,0.3697916666666667,0.014513020839027982
ZFS_shift,100000,hybrid,2,192,38.3261525650902,0.9169156385313687,1.0195354305112545,-1.523943553010835,0.13020833333333334,,15.457729687492852
ZFS_shift,100000,physics_cnn,3,192,50.74767395853996,0.9658858180046082,2.2211251258850098,-2.7721889782696962,0.4166666666666667,0.328125,0.016729166645745863
ZFS_shift,100000,hybrid,3,192,41.701752088287535,0.9264962283187589,1.089460332421692,-0.14866434357667294,0.13541666666666666,,15.740172395832511
ZFS_shift,100000,single_bias,1,192,72.62539863586426,1.0288207530975342,2.372990846633911,-16.38440601527691,0.7239583333333334,0.9010416666666666,0.01429218749156765
ZFS_shift,100000,single_bias,2,192,69.44296509027481,1.0667040348052979,2.3985140323638916,-5.296421702951193,0.7135416666666666,0.9270833333333334,0.012293229171215595
ZFS_shift,100000,single_bias,3,192,70.70393860340118,1.1104270219802856,2.545287847518921,-8.73830821365118,0.734375,0.9427083333333334,0.012566666706940547
ZFS_shift,100000,Poisson_MLE_1,0,192,45.93316330067691,1.001874857868157,1.289334362971325,-5.928567375537375,0.13541666666666666,,18.242165624997142
ZFS_shift,100000,Poisson_MLE_4,0,192,23.829761226820388,0.8320774964881978,0.4478274230873137,-2.2445261126496154,0.07291666666666667,,74.39593697919615
ZFS_shift,1000000,cnn,1,192,28.845999389886856,0.8290011882781982,1.4123502969741821,-2.9523640405386686,0.20833333333333334,0.5572916666666666,0.016714062439859845
ZFS_shift,1000000,cnn,2,192,32.58110582828522,1.0015522241592407,1.7400054931640625,-4.229399841278791,0.2552083333333333,0.5729166666666666,0.012440104152725931
ZFS_shift,1000000,cnn,3,192,34.447696059942245,0.9841734766960144,1.7193208932876587,0.07273413939401507,0.2552083333333333,0.5572916666666666,0.012034375004077447
ZFS_shift,1000000,physics_cnn,1,192,28.91332283616066,0.8244546055793762,1.4113595485687256,-2.810797421261668,0.21875,0.5520833333333334,0.01221093748426938
ZFS_shift,1000000,hybrid,1,192,4.7878042980381,0.2306324410990155,0.0878017661032983,-0.01660405949167914,0.0,,8.073723437443428
ZFS_shift,1000000,physics_cnn,2,192,32.481007277965546,1.0001220703125,1.7350736856460571,-4.00025537237525,0.25,0.5833333333333334,0.014404166677195462
ZFS_shift,1000000,hybrid,2,192,13.677624683878275,0.3732699183045827,0.426498185581077,-1.2894219364284438,0.010416666666666666,,8.659931250046307
ZFS_shift,1000000,physics_cnn,3,192,34.577202051877975,0.9828359484672546,1.717011570930481,0.025235407520085573,0.2604166666666667,0.5572916666666666,0.015070833342178958
ZFS_shift,1000000,hybrid,3,192,13.675316269403217,0.3732725056558784,0.42654563462386835,-1.2888021204842992,0.010416666666666666,,8.54587916668
ZFS_shift,1000000,single_bias,1,192,67.578986287117,0.9676617980003357,1.6719712018966675,-2.1900406572967768,0.7239583333333334,0.9583333333333334,0.014268750040476638
ZFS_shift,1000000,single_bias,2,192,70.92709839344025,0.909223198890686,1.7370450496673584,13.174890540540218,0.6875,0.9166666666666666,0.012659895825587833
ZFS_shift,1000000,single_bias,3,192,66.8564885854721,1.0568259954452515,1.7743579149246216,4.171142820268869,0.6979166666666666,0.9635416666666666,0.01311302086530001
ZFS_shift,1000000,Poisson_MLE_1,0,192,10.021752776207657,0.35049202245300426,0.3246749806876503,-0.6802486669172295,0.005208333333333333,,11.969696874984947
ZFS_shift,1000000,Poisson_MLE_4,0,192,4.78790991794761,0.2306274831502332,0.08780465907908869,-0.016392657864128427,0.0,,48.43757083335731
ZFS_shift,10000000,cnn,1,192,31.344983726739883,0.9394213557243347,1.4877666234970093,0.2696945739444345,0.22395833333333334,0.5520833333333334,0.013902604147612388
ZFS_shift,10000000,cnn,2,192,35.543929785490036,1.1415719985961914,1.7582560777664185,-1.4472940238192677,0.28125,0.609375,0.012375000020862595
ZFS_shift,10000000,cnn,3,192,37.20739111304283,1.151407241821289,1.7566248178482056,2.4781664833426476,0.2916666666666667,0.5625,0.012593229106035627
ZFS_shift,10000000,physics_cnn,1,192,31.453166157007217,0.933521032333374,1.48749577999115,0.3416122344788164,0.22916666666666666,0.5416666666666666,0.013361979123753068
ZFS_shift,10000000,hybrid,1,192,1.8453995603921052,0.11006776451669284,0.031564594300704914,-0.1226350671921745,0.0,,7.361362499977986
ZFS_shift,10000000,physics_cnn,2,192,35.413917154073715,1.1429290771484375,1.753949761390686,-1.246031722985208,0.2760416666666667,0.609375,0.014402083327998602
ZFS_shift,10000000,hybrid,2,192,1.8454235620175954,0.1100753464063079,0.03156494205354293,-0.12260693107271387,0.0,,7.662249999990914
ZFS_shift,10000000,physics_cnn,3,192,37.447329610586166,1.1492091417312622,1.7550352811813354,2.5106726679950953,0.3020833333333333,0.5520833333333334,0.014087500024591767
ZFS_shift,10000000,hybrid,3,192,1.8454218973016472,0.11006946858431343,0.03156454493914447,-0.12262022856993884,0.0,,7.919185416691713
ZFS_shift,10000000,single_bias,1,192,71.13230973482132,0.9700363874435425,1.6980900764465332,-9.069908410310745,0.78125,0.9375,0.013909375032502188
ZFS_shift,10000000,single_bias,2,192,73.67255538702011,0.8988101482391357,1.768168568611145,6.9976323284208775,0.78125,0.9114583333333334,0.012281249989124868
ZFS_shift,10000000,single_bias,3,192,72.61722534894943,1.070256233215332,1.8112120628356934,-0.6966677610762417,0.75,0.9114583333333334,0.012468229215301108
ZFS_shift,10000000,Poisson_MLE_1,0,192,1.845454900713664,0.11007572926993711,0.031564374688028994,-0.12258878669442563,0.0,,11.257139583373524
ZFS_shift,10000000,Poisson_MLE_4,0,192,1.84546335037758,0.11007782559352021,0.031564744877623285,-0.12256980051475629,0.0,,46.08423281251817
strain_shift,100000,cnn,1,192,29.214711859822273,1.1575487852096558,0.5253418684005737,12.954709120094776,0.2916666666666667,0.453125,0.010342187503435222
strain_shift,100000,cnn,2,192,30.861960723996162,1.1893073320388794,0.49632182717323303,13.406463898718357,0.2916666666666667,0.40625,0.007239583358871944
strain_shift,100000,cnn,3,192,34.38969328999519,1.1246471405029297,0.5277799367904663,20.38806490600109,0.3697916666666667,0.3072916666666667,0.006127083376365287
strain_shift,100000,physics_cnn,1,192,29.14767898619175,1.15350341796875,0.5233807563781738,12.847230769693851,0.2916666666666667,0.4427083333333333,0.005812499997167227
strain_shift,100000,hybrid,1,192,27.206457756746968,0.8901913050135386,0.5174103521476597,0.5046867345431678,0.18229166666666666,,12.119253645854164
strain_shift,100000,physics_cnn,2,192,30.80626390874386,1.186492681503296,0.49519145488739014,13.262942433357239,0.2916666666666667,0.3958333333333333,0.009583854155910862
strain_shift,100000,hybrid,2,192,27.49315625701655,0.9673567579519399,0.527356210610172,0.7043876115181354,0.1875,,11.998731249984
strain_shift,100000,physics_cnn,3,192,34.15904939174652,1.1198334693908691,0.5274931192398071,20.215952768921852,0.3645833333333333,0.3072916666666667,0.016297916696809505
strain_shift,100000,hybrid,3,192,27.171879415492295,0.9645548018196453,0.5147957218459259,0.8896872543368893,0.18229166666666666,,12.113711979130432
strain_shift,100000,single_bias,1,192,74.37131553888321,1.6858417987823486,0.7134882807731628,-5.079766269773245,0.734375,0.9010416666666666,0.017091666677515605
strain_shift,100000,single_bias,2,192,73.52934032678604,1.5480916500091553,0.6835715174674988,-3.107155906036496,0.7864583333333334,0.9010416666666666,0.012608333311921646
strain_shift,100000,single_bias,3,192,72.85701483488083,1.7204878330230713,0.6878734827041626,-3.116802079603076,0.7864583333333334,0.9114583333333334,0.012645833294300246
strain_shift,100000,Poisson_MLE_1,0,192,29.491723226065204,0.918023951276497,0.6730342117789957,1.0425753381126497,0.17708333333333334,,15.829779687464907
strain_shift,100000,Poisson_MLE_4,0,192,26.02320261421839,0.8664505669586837,0.5052784253448988,1.0841687809791716,0.17708333333333334,,65.0934083332686
strain_shift,1000000,cnn,1,192,16.56833104789257,0.5165819525718689,0.1759769767522812,9.217921644449234,0.109375,0.6875,0.015472395792433721
strain_shift,1000000,cnn,2,192,21.157223731279373,0.6083548069000244,0.19729556143283844,12.602007947862148,0.19791666666666666,0.6197916666666666,0.012284895850219376
strain_shift,1000000,cnn,3,192,23.3710128813982,0.6622754335403442,0.2616782486438751,15.761367976665497,0.22916666666666666,0.5729166666666666,0.01298802082298304
strain_shift,1000000,physics_cnn,1,192,16.517629846930504,0.5123547911643982,0.1741379201412201,9.144267998635769,0.09895833333333333,0.6927083333333334,0.01242604169722957
strain_shift,1000000,hybrid,1,192,6.617742699494675,0.16817913919793784,0.09145132753520709,0.2769274175157675,0.005208333333333333,,6.210934895837757
strain_shift,1000000,physics_cnn,2,192,21.077966317534447,0.6054213047027588,0.19622918963432312,12.53474410623312,0.19791666666666666,0.6197916666666666,0.01605833335815987
strain_shift,1000000,hybrid,2,192,6.617552088240247,0.16818557374970602,0.09145064688792509,0.27685303570915526,0.005208333333333333,,6.27771250007451
strain_shift,1000000,physics_cnn,3,192,23.27325940132141,0.6579164266586304,0.26076212525367737,15.725547447800636,0.22395833333333334,0.5729166666666666,0.01396718744217651
strain_shift,1000000,hybrid,3,192,6.617852985019186,0.16817321514629507,0.09145346585093823,0.2769277071110798,0.005208333333333333,,6.4579260416242805
strain_shift,1000000,single_bias,1,192,69.68320906162262,1.276859998703003,0.4532245695590973,5.425055976957083,0.7239583333333334,0.921875,0.01831302082185478
strain_shift,1000000,single_bias,2,192,68.50362569093704,1.264642596244812,0.3989933729171753,1.7020036466419697,0.6875,0.953125,0.014622916675458933
strain_shift,1000000,single_bias,3,192,67.42361187934875,1.3058934211730957,0.5123617053031921,1.9704352598637342,0.71875,0.9427083333333334,0.012476562536297328
strain_shift,1000000,Poisson_MLE_1,0,192,6.618050882826341,0.168171769925785,0.09144554334766486,0.27630396678046026,0.005208333333333333,,10.162749999987378
strain_shift,1000000,Poisson_MLE_4,0,192,6.617910586297891,0.16817356722521506,0.09144698114773483,0.2766622741263225,0.005208333333333333,,40.51507499995447
strain_shift,10000000,cnn,1,192,14.35084454715252,0.39080193638801575,0.1377263367176056,8.19325353950262,0.078125,0.7604166666666666,0.015971354211311944
strain_shift,10000000,cnn,2,192,18.825704231858253,0.4917139410972595,0.12566542625427246,11.944103054702282,0.125,0.65625,0.012407812543339483
strain_shift,10000000,cnn,3,192,21.003039553761482,0.4856190085411072,0.16191257536411285,14.75321501493454,0.15104166666666666,0.59375,0.012160937482500836
strain_shift,10000000,physics_cnn,1,192,14.218419790267944,0.3865344226360321,0.13746318221092224,8.006567135453224,0.078125,0.7604166666666666,0.01684739587896426
strain_shift,10000000,hybrid,1,192,1.8612707173354854,0.04507203060200103,0.029708541321934016,-0.038544845818476926,0.0,,5.223922916684387
strain_shift,10000000,physics_cnn,2,192,18.778031691908836,0.48923805356025696,0.12553666532039642,11.874387972056866,0.125,0.6614583333333334,0.014329166636647036
strain_shift,10000000,hybrid,2,192,1.8612959564972773,0.04507257618023475,0.029708714602725,-0.03852845898559933,0.0,,5.081764583337645
strain_shift,10000000,physics_cnn,3,192,20.88187448680401,0.47919824719429016,0.16007034480571747,14.646396040916443,0.15104166666666666,0.6041666666666666,0.015559375015072874
strain_shift,10000000,hybrid,3,192,1.8613264566569572,0.04507237179738699,0.029708922672196957,-0.03848727520026565,0.0,,5.290379166657051
strain_shift,10000000,single_bias,1,192,70.92101871967316,1.1705126762390137,0.3282400369644165,13.061542995274067,0.7552083333333334,0.9322916666666666,0.016356250019574265
strain_shift,10000000,single_bias,2,192,69.911889731884,1.2120132446289062,0.25346076488494873,3.385944990441203,0.7447916666666666,0.9427083333333334,0.013029166666456149
strain_shift,10000000,single_bias,3,192,69.80104744434357,1.2381020784378052,0.3546561002731323,10.186315514147282,0.78125,0.9270833333333334,0.012559895822050748
strain_shift,10000000,Poisson_MLE_1,0,192,1.8612694029857029,0.04507173784335045,0.02970871083991471,-0.03858045602716067,0.0,,9.200100520880975
strain_shift,10000000,Poisson_MLE_4,0,192,1.86125756557607,0.045071927688670695,0.02970917368964959,-0.0385694207905085,0.0,,36.96981041662184
linewidth_shift,100000,cnn,1,192,23.872010409832,0.6400208473205566,0.5122836232185364,-6.321778986603022,0.15625,0.5052083333333334,0.0161828124873864
linewidth_shift,100000,cnn,2,192,23.76183308660984,0.6490830183029175,0.515890896320343,-3.9786989800632,0.16145833333333334,0.5260416666666666,0.012512499930987056
linewidth_shift,100000,cnn,3,192,23.366522043943405,0.6463817954063416,0.5205360054969788,2.5256446097046137,0.15625,0.4791666666666667,0.012456770794718372
linewidth_shift,100000,physics_cnn,1,192,23.807337507605553,0.6399939656257629,0.5117238759994507,-6.359034683555365,0.15625,0.5,0.01220364583787159
linewidth_shift,100000,hybrid,1,192,24.082067925531717,0.9400522316962057,0.5347854117905476,-3.470787103797823,0.18229166666666666,,9.042841145856073
linewidth_shift,100000,physics_cnn,2,192,23.653117939829826,0.6487575173377991,0.5142369866371155,-3.9093024097383022,0.16145833333333334,0.5260416666666666,0.018193749989829183
linewidth_shift,100000,hybrid,2,192,24.084015694036438,0.9402391087131994,0.5347379952962706,-3.469749411827103,0.18229166666666666,,8.933274479128764
linewidth_shift,100000,physics_cnn,3,192,23.382335901260376,0.6463258266448975,0.5200800895690918,2.5336749386042356,0.15625,0.4791666666666667,0.01684947922816112
linewidth_shift,100000,hybrid,3,192,24.08083043584937,0.9400823426097029,0.5348220668242828,-3.4671400324860677,0.18229166666666666,,8.88047812501706
linewidth_shift,100000,single_bias,1,192,69.660484790802,0.7069489359855652,0.6705161929130554,6.614349782466888,0.7604166666666666,0.96875,0.01781197920536215
linewidth_shift,100000,single_bias,2,192,70.72821259498596,0.7089289426803589,0.6738042235374451,0.2902975829783827,0.7760416666666666,0.9322916666666666,0.012593750019126068
linewidth_shift,100000,single_bias,3,192,70.0143352150917,0.7105093002319336,0.6670562624931335,-1.3301841681823134,0.75,0.96875,0.012311979162404896
linewidth_shift,100000,Poisson_MLE_1,0,192,24.08448452774491,0.9401589504327148,0.5347332220549462,-3.4665808340225577,0.18229166666666666,,11.851581770846073
linewidth_shift,100000,Poisson_MLE_4,0,192,24.087236118779785,0.9405854518369289,0.5348440742575866,-3.4674906189745727,0.18229166666666666,,48.13703489586866
linewidth_shift,1000000,cnn,1,192,10.366184636950493,0.4164959788322449,0.19521865248680115,-4.322556313127279,0.010416666666666666,0.8333333333333334,0.015918229185748107
linewidth_shift,1000000,cnn,2,192,9.50316060334444,0.4137556552886963,0.19940149784088135,-0.39921767893247306,0.0,0.859375,0.012659895825587833
linewidth_shift,1000000,cnn,3,192,10.614486411213875,0.4281320869922638,0.19922904670238495,0.010012164239014965,0.015625,0.859375,0.012155208348000693
linewidth_shift,1000000,physics_cnn,1,192,10.44656801968813,0.41645583510398865,0.1938048005104065,-4.667395725846291,0.010416666666666666,0.8333333333333334,0.014129687542663305
linewidth_shift,1000000,hybrid,1,192,7.039378173228765,0.35408972631598873,0.1330409539635135,-0.18019291092969067,0.0,,6.428752083365907
linewidth_shift,1000000,physics_cnn,2,192,9.551865048706532,0.414262056350708,0.20026695728302002,-0.2696569135878235,0.0,0.8489583333333334,0.01393020837288835
linewidth_shift,1000000,hybrid,2,192,7.039544385670768,0.35410465905081545,0.13304100497529323,-0.18002568293440457,0.0,,6.188782812538799
linewidth_shift,1000000,physics_cnn,3,192,10.685926303267479,0.4308689832687378,0.20001640915870667,-0.035078206565231085,0.015625,0.859375,0.0211895833217568
linewidth_shift,1000000,hybrid,3,192,7.039277071083326,0.35413494209230834,0.13303983341874628,-0.17999267791352427,0.0,,6.545767708303174
linewidth_shift,1000000,single_bias,1,192,66.81929528713226,0.6181601881980896,0.2699187695980072,8.456592448055744,0.7083333333333334,0.9791666666666666,0.01596927086211508
linewidth_shift,1000000,single_bias,2,192,67.07756966352463,0.6267727613449097,0.2689335346221924,-0.14493412163574249,0.7239583333333334,0.9635416666666666,0.012531770835266798
linewidth_shift,1000000,single_bias,3,192,67.45150685310364,0.641105055809021,0.2759583294391632,-3.311447100713849,0.734375,0.9322916666666666,0.012367708374464806
linewidth_shift,1000000,Poisson_MLE_1,0,192,7.039495395190457,0.35411323472105627,0.13304043298729848,-0.18007482453174398,0.0,,9.081392708291483
linewidth_shift,1000000,Poisson_MLE_4,0,192,7.039657066294999,0.3541140434900603,0.1330391966873599,-0.17996430761010093,0.0,,36.196622395815815
linewidth_shift,10000000,cnn,1,192,6.990878842771053,0.2646945118904114,0.13748300075531006,-3.4554561134427786,0.005208333333333333,0.9479166666666666,0.02331562495783146
linewidth_shift,10000000,cnn,2,192,7.827041670680046,0.37834131717681885,0.1401444375514984,2.392596798017621,0.005208333333333333,0.9114583333333334,0.0189395833179636
linewidth_shift,10000000,cnn,3,192,8.459928445518017,0.2766955494880676,0.15081974864006042,0.16980474174488336,0.0,0.90625,0.018592708329379093
linewidth_shift,10000000,physics_cnn,1,192,7.1541559882462025,0.26430073380470276,0.1354873776435852,-3.778444603085518,0.005208333333333333,0.9427083333333334,0.018080208292303723
linewidth_shift,10000000,hybrid,1,192,2.2107193888752756,0.1385059685315526,0.038580272306117436,-0.3686114249967705,0.0,,6.1182307291195075
linewidth_shift,10000000,physics_cnn,2,192,7.9512447118759155,0.3799404501914978,0.1403421312570572,2.5977662298828363,0.005208333333333333,0.9114583333333334,0.023172395837415632
linewidth_shift,10000000,hybrid,2,192,2.2107594305137837,0.1385153194262955,0.0385803130561029,-0.36863523371537227,0.0,,6.054845833280828
linewidth_shift,10000000,physics_cnn,3,192,8.57684575021267,0.27832266688346863,0.15158139169216156,0.12540630996227264,0.0,0.90625,0.022431770806482138
linewidth_shift,10000000,hybrid,3,192,2.2107412376746476,0.13851364611801212,0.03858027169309056,-0.36860839424496056,0.0,,6.454675520823608
linewidth_shift,10000000,single_bias,1,192,69.17696446180344,0.6642562747001648,0.18497170507907867,12.816057540476322,0.71875,0.9375,0.023076562532272266
linewidth_shift,10000000,single_bias,2,192,70.28985023498535,0.6798967123031616,0.1741829365491867,0.6679861689917743,0.7395833333333334,0.9270833333333334,0.019323958364717935
linewidth_shift,10000000,single_bias,3,192,68.30517202615738,0.6739183664321899,0.21087504923343658,2.261126646772027,0.7083333333333334,0.9375,0.018697395868609117
linewidth_shift,10000000,Poisson_MLE_1,0,192,2.210759755349152,0.13850368643483135,0.03858005462274608,-0.36863532687685,0.0,,8.669768749996365
linewidth_shift,10000000,Poisson_MLE_4,0,192,2.2107437651249895,0.13850897343555746,0.03858025469416611,-0.3685909151105436,0.0,,34.75078645836523
hyperfine,100000,cnn,1,192,29.976950958371162,0.7952551245689392,0.6578193306922913,1.9443599740043283,0.2864583333333333,0.34375,0.02279322916365345
hyperfine,100000,cnn,2,192,30.49481473863125,0.8212906718254089,0.6553220152854919,2.891094656661153,0.3020833333333333,0.4010416666666667,0.018495833349637298
hyperfine,100000,cnn,3,192,30.65517172217369,0.8014310002326965,0.656777024269104,8.537591435015202,0.3125,0.375,0.019061979173784493
hyperfine,100000,physics_cnn,1,192,29.945295304059982,0.7958285808563232,0.6576107144355774,1.951534883119166,0.28125,0.3333333333333333,0.018120833298477617
hyperfine,100000,hybrid,1,192,41.75544652062616,1.3568075726731856,0.8943587114444504,1.1487825669514011,0.2864583333333333,,13.140939583308864
hyperfine,100000,physics_cnn,2,192,30.44120781123638,0.820512592792511,0.6542404890060425,2.8660029638558626,0.2916666666666667,0.390625,0.023374479193686664
hyperfine,100000,hybrid,2,192,40.37676828926085,1.356464620877016,0.8969423124066496,2.0046519853617033,0.2864583333333333,,13.57482135419256
hyperfine,100000,physics_cnn,3,192,30.57727962732315,0.8010333776473999,0.6562965512275696,8.381425403058529,0.3125,0.3697916666666667,0.023061979163685464
hyperfine,100000,hybrid,3,192,40.47606916360914,1.3590039370170965,0.8799441563824146,1.6473366695470975,0.2916666666666667,,12.94952760410221
hyperfine,100000,single_bias,1,192,71.57685607671738,0.825923502445221,0.7881861329078674,9.558754973113537,0.75,0.9479166666666666,0.02454322914976122
hyperfine,100000,single_bias,2,192,71.83472067117691,0.8472211360931396,0.7474060654640198,10.583862662315369,0.7239583333333334,0.921875,0.01893020832236895
hyperfine,100000,single_bias,3,192,71.052186191082,0.8518497943878174,0.7670278549194336,4.626225680112839,0.7239583333333334,0.953125,0.018080208368094947
hyperfine,100000,Poisson_MLE_1,0,192,38.31814723954588,1.3458722486759236,0.8272626460458435,0.459866177487947,0.296875,,16.679927083335617
hyperfine,100000,Poisson_MLE_4,0,192,42.33427910506356,1.3589312170925818,0.8896165511426167,1.619822945374295,0.296875,,65.82683177081587
hyperfine,1000000,cnn,1,192,12.24480289965868,0.4440743625164032,0.24276769161224365,-1.4368913834914565,0.020833333333333332,0.7708333333333334,0.02779999999802385
hyperfine,1000000,cnn,2,192,11.729339137673378,0.45963016152381897,0.26188281178474426,0.3658028144855052,0.015625,0.7708333333333334,0.01919739581050332
hyperfine,1000000,cnn,3,192,11.84753142297268,0.4438067376613617,0.25242796540260315,3.572080284357071,0.015625,0.765625,0.021401041673622483
hyperfine,1000000,physics_cnn,1,192,12.21255399286747,0.44401463866233826,0.24267162382602692,-1.5453979140147567,0.020833333333333332,0.765625,0.019599479173848522
hyperfine,1000000,hybrid,1,192,11.255322002802144,0.6668192648134438,0.20407825074323768,2.2344067864591364,0.020833333333333332,,7.795120312493964
hyperfine,1000000,physics_cnn,2,192,11.714357882738113,0.4594915211200714,0.2619090676307678,0.36885368172079325,0.015625,0.75,0.021154687525874277
hyperfine,1000000,hybrid,2,192,11.25526706659101,0.6665188441620334,0.20406780332928837,2.234302130902299,0.020833333333333332,,7.643805729154944
hyperfine,1000000,physics_cnn,3,192,11.811958625912666,0.4433751404285431,0.25188469886779785,3.4974354784935713,0.015625,0.7708333333333334,0.028905729171431933
hyperfine,1000000,hybrid,3,192,11.254413712227397,0.666218457014156,0.2040703107204781,2.2348903544518914,0.020833333333333332,,7.802739062526598
hyperfine,1000000,single_bias,1,192,67.31276214122772,0.6283895373344421,0.36696308851242065,1.6385199269279838,0.71875,0.9635416666666666,0.02742395834805696
hyperfine,1000000,single_bias,2,192,67.43460893630981,0.6283709406852722,0.36154744029045105,2.6955350767821074,0.703125,0.984375,0.02300260416632227
hyperfine,1000000,single_bias,3,192,68.42179596424103,0.6256141066551208,0.37051594257354736,-2.2996871266514063,0.7291666666666666,0.953125,0.019807812501918914
hyperfine,1000000,Poisson_MLE_1,0,192,11.254364213722214,0.6668044791671873,0.20407402120279286,2.235079895044823,0.020833333333333332,,11.228145833304856
hyperfine,1000000,Poisson_MLE_4,0,192,11.256477046675203,0.6669076237805301,0.20408472825762577,2.2347140290870264,0.020833333333333332,,44.99519010414588
hyperfine,10000000,cnn,1,192,6.273268721997738,0.24803848564624786,0.1406487375497818,-0.47666323371231556,0.0,0.9427083333333334,0.027352083331303827
hyperfine,10000000,cnn,2,192,5.984183866530657,0.26987314224243164,0.14479561150074005,1.9156443886458874,0.0,0.9739583333333334,0.02305937497718939
hyperfine,10000000,cnn,3,192,7.54119036719203,0.28254637122154236,0.11627599596977234,4.384771455079317,0.0,0.9270833333333334,0.019540625013784545
hyperfine,10000000,physics_cnn,1,192,6.280320230871439,0.24776344001293182,0.13958053290843964,-0.7004227372817695,0.0,0.9427083333333334,0.02163802082577604
hyperfine,10000000,hybrid,1,192,5.398940711319752,0.42187624306459026,0.06173845003660844,3.887389898792918,0.0,,7.272743229198871
hyperfine,10000000,physics_cnn,2,192,6.0105216689407825,0.2698533833026886,0.14528892934322357,1.964079448953271,0.0,0.9739583333333334,0.026022916623939334
hyperfine,10000000,hybrid,2,192,5.39933286453297,0.42201476115236314,0.06173727377685977,3.888272576199616,0.0,,7.182394270785153
hyperfine,10000000,physics_cnn,3,192,7.4658324010670185,0.28076159954071045,0.11608888953924179,4.270416218787432,0.0,0.9375,0.02575624997310418
hyperfine,10000000,hybrid,3,192,5.399077984567745,0.4220644566849399,0.06173692287880522,3.8881970767156107,0.0,,7.312485416605341
hyperfine,10000000,single_bias,1,192,68.69078427553177,0.6181080341339111,0.16717927157878876,5.012056324630976,0.7708333333333334,0.9739583333333334,0.02728489585024363
hyperfine,10000000,single_bias,2,192,68.5722827911377,0.6119590997695923,0.1794845014810562,4.132535308599472,0.765625,0.9635416666666666,0.02374739581985826
hyperfine,10000000,single_bias,3,192,67.88870692253113,0.6172895431518555,0.18754275143146515,4.6213180758059025,0.8125,0.953125,0.020178125017385657
hyperfine,10000000,Poisson_MLE_1,0,192,5.399324706564464,0.4219911887076715,0.0617392321231618,3.8882142893935714,0.0,,10.843651562481682
hyperfine,10000000,Poisson_MLE_4,0,192,5.399184136733474,0.4219990744047394,0.06173732882938878,3.888184224041868,0.0,,42.97851875003289
baseline_drift,100000,cnn,1,192,22.050101310014725,0.6154375076293945,0.4605121612548828,-1.9488815451040864,0.140625,0.4895833333333333,0.02575677088619462
baseline_drift,100000,cnn,2,192,23.161735385656357,0.6204423904418945,0.423149436712265,-2.180843846872449,0.15625,0.5677083333333334,0.021973958382659475
baseline_drift,100000,cnn,3,192,20.817585289478302,0.6218748688697815,0.40764617919921875,0.7595573551952839,0.13541666666666666,0.5729166666666666,0.020014583318091656
baseline_drift,100000,physics_cnn,1,192,22.030416876077652,0.6152753829956055,0.4595235586166382,-1.9760197028517723,0.140625,0.5,0.022147395763264893
baseline_drift,100000,hybrid,1,192,19.302311849022516,0.9187804256206293,0.5599025384891413,-1.8361271307077205,0.13541666666666666,,12.058786979120365
baseline_drift,100000,physics_cnn,2,192,23.07191677391529,0.6209751963615417,0.42176032066345215,-2.2000297904014587,0.15625,0.5677083333333334,0.026211458362013218
baseline_drift,100000,hybrid,2,192,19.302649840383893,0.9188004111721827,0.5598216089498127,-1.8337518879193837,0.13541666666666666,,13.831525520875706
baseline_drift,100000,physics_cnn,3,192,20.79991064965725,0.6237363815307617,0.4075949788093567,0.7179089006967843,0.13541666666666666,0.5833333333333334,0.03206718747605919
baseline_drift,100000,hybrid,3,192,19.55625193718747,0.9202979136866591,0.5606018004734031,-1.630308236606456,0.140625,,12.858344270777403
baseline_drift,100000,single_bias,1,192,71.871317923069,0.762509822845459,0.5073744058609009,3.594185458496213,0.7447916666666666,0.9791666666666666,0.02593749998898905
baseline_drift,100000,single_bias,2,192,73.95480573177338,0.7619291543960571,0.5169079899787903,3.2930041197687387,0.7395833333333334,0.9427083333333334,0.02241302081529284
baseline_drift,100000,single_bias,3,192,72.76119291782379,0.7393102645874023,0.5246298313140869,0.934923707973212,0.7864583333333334,0.953125,0.022355208329827292
baseline_drift,100000,Poisson_MLE_1,0,192,21.500687828927028,0.9577638607391203,0.6394430389018507,-3.125701823507203,0.13020833333333334,,17.290000000002692
baseline_drift,100000,Poisson_MLE_4,0,192,18.96002360851826,0.9245160004409362,0.5530572219226143,-2.273607038036312,0.13541666666666666,,64.9583640624769
baseline_drift,1000000,cnn,1,192,6.144145037978888,0.2487623691558838,0.1664106398820877,-0.14248861407395452,0.0,0.9635416666666666,0.025748437489407177
baseline_drift,1000000,cnn,2,192,6.421131081879139,0.23204690217971802,0.14394713938236237,0.01187812722491799,0.0,0.96875,0.023435937464455492
baseline_drift,1000000,cnn,3,192,6.792901549488306,0.24603226780891418,0.14485463500022888,1.850619912147522,0.0,0.9739583333333334,0.021723958298025536
baseline_drift,1000000,physics_cnn,1,192,6.128637120127678,0.24929510056972504,0.16587264835834503,-0.2133767120540142,0.0,0.953125,0.02187187502992553
baseline_drift,1000000,hybrid,1,192,4.950659302429823,0.26068726089860816,0.0985162527835924,0.5075235084861367,0.0,,6.424760937534302
baseline_drift,1000000,physics_cnn,2,192,6.3521298579871655,0.23197242617607117,0.14317038655281067,-0.001098262146115303,0.0,0.96875,0.026749999960884452
baseline_drift,1000000,hybrid,2,192,4.95060365373014,0.26064739988780194,0.09851315894143495,0.5072638137703017,0.0,,6.278015104120034
baseline_drift,1000000,physics_cnn,3,192,6.761797238141298,0.24591174721717834,0.14463959634304047,1.8045461038127542,0.0,0.9739583333333334,0.02608645831969625
baseline_drift,1000000,hybrid,3,192,4.9504926455592635,0.2607057704358252,0.09851772435476623,0.507660683372953,0.0,,6.336667187497369
baseline_drift,1000000,single_bias,1,192,72.36187160015106,0.6080813407897949,0.18690085411071777,-2.1857807878404856,0.78125,0.9427083333333334,0.02837604165506491
baseline_drift,1000000,single_bias,2,192,72.17686623334885,0.6098081469535828,0.18815770745277405,-5.961927119642496,0.7708333333333334,0.9479166666666666,0.023290104233334812
baseline_drift,1000000,single_bias,3,192,72.58902490139008,0.6121194958686829,0.1745503842830658,-5.318585783243179,0.796875,0.9479166666666666,0.020690624978669803
baseline_drift,1000000,Poisson_MLE_1,0,192,4.950506461735174,0.2607235398508294,0.09851821262130155,0.5075352829797115,0.0,,10.706061458298185
baseline_drift,1000000,Poisson_MLE_4,0,192,4.950678207357711,0.26066745629240473,0.09851344161935498,0.5072890451467675,0.0,,42.11238125003547
baseline_drift,10000000,cnn,1,192,3.5155590157955885,0.1257667988538742,0.11758624017238617,-0.5686659133061767,0.0,1.0,0.025768229155194906
baseline_drift,10000000,cnn,2,192,3.6545421462506056,0.12453025579452515,0.10562348365783691,-0.18150445248465985,0.0,1.0,0.023498958322913193
baseline_drift,10000000,cnn,3,192,4.041926469653845,0.12094470858573914,0.11290540546178818,1.8813390051946044,0.0,0.9947916666666666,0.019101562505359954
baseline_drift,10000000,physics_cnn,1,192,3.4737216774374247,0.12527158856391907,0.11711777746677399,-0.5950455088168383,0.0,1.0,0.0230520833307916
baseline_drift,10000000,hybrid,1,192,1.6936062941041505,0.07080249397734989,0.06347748510681575,0.07873514551611767,0.0,,5.255957812475269
baseline_drift,10000000,physics_cnn,2,192,3.634675871580839,0.12403275072574615,0.10482686012983322,-0.16551864973735064,0.0,1.0,0.02593281252908734
baseline_drift,10000000,hybrid,2,192,1.6935247318080018,0.07079423785950573,0.06347667853684805,0.0786753024514038,0.0,,5.1946921874635645
baseline_drift,10000000,physics_cnn,3,192,4.006827715784311,0.12074977904558182,0.11287420243024826,1.8274028552696109,0.0,0.9947916666666666,0.025117187533396645
baseline_drift,10000000,hybrid,3,192,1.6935276894618614,0.0708146668692826,0.06347705020884746,0.07875615114580091,0.0,,5.281971354255195
baseline_drift,10000000,single_bias,1,192,69.27426159381866,0.5803559422492981,0.129258930683136,8.507604710757732,0.7083333333333334,0.9583333333333334,0.02663750001374865
baseline_drift,10000000,single_bias,2,192,69.0816193819046,0.5754584074020386,0.12339382618665695,4.111214075237513,0.6875,0.9479166666666666,0.024469791696901666
baseline_drift,10000000,single_bias,3,192,68.49943846464157,0.5844095945358276,0.11168092489242554,8.186761289834976,0.7239583333333334,0.96875,0.022352083306032
baseline_drift,10000000,Poisson_MLE_1,0,192,1.6935469150939744,0.07080550962547862,0.06347769670673668,0.07868982187109026,0.0,,9.747661458353226
baseline_drift,10000000,Poisson_MLE_4,0,192,1.6935385125008293,0.07080023495595228,0.06347639821554799,0.07871506757417725,0.0,,38.41398020828516
