scenario,budget,method,B_RMSE_uT_mean,B_RMSE_uT_seed_sd,ncase,test_case_bootstrap95_uT
ID,100000,single_bias,69.13924217224121,0.3934065292378282,192,"[65.06980865709896, 73.30312839272152]"
ID,100000,cnn,22.401936973134678,0.5493039676333087,192,"[18.42955244569905, 26.606354200501826]"
ID,100000,physics_cnn,22.363867610692978,0.5107237794531977,192,"[18.452003301394832, 26.89129841174489]"
ID,100000,hybrid,22.06331404651263,0.03640242736611643,192,"[17.081317576504087, 28.661075709617485]"
ID,100000,gated_hybrid,22.063309074217106,0.036370023343704753,192,"[17.030175848547195, 27.983789581567567]"
ID,100000,Poisson_MLE_1,23.500150992822284,,192,
ID,100000,Poisson_MLE_4,22.26930931644512,,192,
ID,1000000,single_bias,68.3899496992429,0.17762555688967316,192,"[63.746151642092805, 72.37685876585456]"
ID,1000000,cnn,7.101316160211961,0.1778486649863606,192,"[6.342620046858248, 7.8205455878877235]"
ID,1000000,physics_cnn,7.089107607801755,0.18302412215095246,192,"[6.294960589802561, 7.850808967436696]"
ID,1000000,hybrid,5.897200725833553,5.4672157844786464e-05,192,"[5.1361017220183145, 6.695140607818079]"
ID,1000000,gated_hybrid,5.897200553621455,5.5697273137450685e-05,192,"[5.182611892555745, 6.745434783848133]"
ID,1000000,Poisson_MLE_1,5.8984408312044305,,192,
ID,1000000,Poisson_MLE_4,5.898159572828923,,192,
ID,10000000,single_bias,69.9647640188535,0.016919783524627086,192,"[65.33004374960288, 74.49107607198829]"
ID,10000000,cnn,3.511478969206413,0.35164769271116314,192,"[3.2541577135613013, 3.772413691355356]"
ID,10000000,physics_cnn,3.5005792354544005,0.3376087630900225,192,"[3.2329369178184595, 3.745474242612511]"
ID,10000000,hybrid,1.7586686074415503,2.4211471229560038e-05,192,"[1.4354481466456275, 2.0794835510465806]"
ID,10000000,gated_hybrid,1.7586686074415503,2.4211471229560038e-05,192,"[1.449693591447195, 2.0666662633812574]"
ID,10000000,Poisson_MLE_1,1.7587990712287704,,192,
ID,10000000,Poisson_MLE_4,1.7587257081350502,,192,
ZFS_shift,100000,single_bias,70.92410077651341,1.6025992496177515,192,"[66.29111438819544, 75.7401322304261]"
ZFS_shift,100000,cnn,47.74335150917371,2.796938149170183,192,"[41.37725086248753, 53.55795072650226]"
ZFS_shift,100000,physics_cnn,47.79623200496038,2.8466152438942753,192,"[41.505581986952755, 54.28291327298458]"
ZFS_shift,100000,hybrid,38.94982003505471,2.49915998638507,192,"[29.548273927310422, 48.567486524990315]"
ZFS_shift,100000,gated_hybrid,35.77457264966797,1.330799054252513,192,"[26.909071978590386, 44.72286139633188]"
ZFS_shift,100000,Poisson_MLE_1,45.93316330067691,,192,
ZFS_shift,100000,Poisson_MLE_4,23.829761226820388,,192,
ZFS_shift,1000000,single_bias,68.45419108867645,2.1718548836619216,192,"[64.08409790746096, 72.63901454861073]"
ZFS_shift,1000000,cnn,31.958267092704773,2.8523144047828937,192,"[26.839193668585786, 36.60569921459262]"
ZFS_shift,1000000,physics_cnn,31.990510722001392,2.86362045252477,192,"[26.989764070701508, 36.4442223323995]"
ZFS_shift,1000000,hybrid,10.713581750439864,5.131873940749052,192,"[4.481422995740674, 15.812131084526152]"
ZFS_shift,1000000,gated_hybrid,4.787734549849078,6.646927670616566e-05,192,"[4.22383937169844, 5.332628959043792]"
ZFS_shift,1000000,Poisson_MLE_1,10.021752776207657,,192,
ZFS_shift,1000000,Poisson_MLE_4,4.78790991794761,,192,
ZFS_shift,10000000,single_bias,72.47403015693028,1.276162466397506,192,"[68.01444975026442, 76.8824739182208]"
ZFS_shift,10000000,cnn,34.69876820842425,3.0212048356998378,192,"[29.204153932324154, 39.77570816825711]"
ZFS_shift,10000000,physics_cnn,34.77147097388903,3.048286682364504,192,"[29.48298265809973, 39.927308757272144]"
ZFS_shift,10000000,hybrid,1.8454150065704493,1.3402654172765121e-05,192,"[1.52119607945384, 2.1855810101949675]"
ZFS_shift,10000000,gated_hybrid,1.8454153738142993,1.1675739412707184e-05,192,"[1.5166395922975584, 2.204465159983304]"
ZFS_shift,10000000,Poisson_MLE_1,1.845454900713664,,192,
ZFS_shift,10000000,Poisson_MLE_4,1.84546335037758,,192,
strain_shift,100000,single_bias,73.5858902335167,0.7587325447738223,192,"[69.1993820072769, 77.83110891415699]"
strain_shift,100000,cnn,31.488788624604542,2.6438216871405062,192,"[28.156343311973263, 34.7997232774624]"
strain_shift,100000,physics_cnn,31.370997428894043,2.5529691139932464,192,"[28.236340271131883, 34.70881571496333]"
strain_shift,100000,hybrid,27.29049780975194,0.17635688278816652,192,"[23.03330044521909, 31.68015331862078]"
strain_shift,100000,gated_hybrid,27.290482605505307,0.17640497421506415,192,"[22.72265260755325, 31.33059439702538]"
strain_shift,100000,Poisson_MLE_1,29.491723226065204,,192,
strain_shift,100000,Poisson_MLE_4,26.02320261421839,,192,
strain_shift,1000000,single_bias,68.53681554396947,1.1301641612143047,192,"[63.984756504842494, 72.9625944384769]"
strain_shift,1000000,cnn,20.36552255352338,3.4697569220511757,192,"[18.157309851594217, 22.837686041814177]"
strain_shift,1000000,physics_cnn,20.289618521928787,3.4461212767642406,192,"[18.042779818990628, 22.837437439564138]"
strain_shift,1000000,hybrid,6.61771592425137,0.00015222484401231562,192,"[5.630103990211238, 7.658815440943607]"
strain_shift,1000000,gated_hybrid,6.617875569396698,2.996450145358382e-05,192,"[5.553481013282311, 7.730219648703967]"
strain_shift,1000000,Poisson_MLE_1,6.618050882826341,,192,
strain_shift,1000000,Poisson_MLE_4,6.617910586297891,,192,
strain_shift,10000000,single_bias,70.2113186319669,0.6171119542226444,192,"[65.62815363284817, 74.4759169641053]"
strain_shift,10000000,cnn,18.05986277759075,3.391579197261097,192,"[15.782755520290348, 20.49706010771973]"
strain_shift,10000000,physics_cnn,17.959441989660263,3.406313835903511,192,"[15.664689564443274, 20.041929401813217]"
strain_shift,10000000,hybrid,1.86129771016324,2.79110103321947e-05,192,"[1.638718870735143, 2.0775573028868703]"
strain_shift,10000000,gated_hybrid,1.8612976717495187,2.7901159802366834e-05,192,"[1.6516169634220796, 2.0609204849563065]"
strain_shift,10000000,Poisson_MLE_1,1.8612694029857029,,192,
strain_shift,10000000,Poisson_MLE_4,1.86125756557607,,192,
linewidth_shift,100000,single_bias,70.13434420029323,0.5438862779604747,192,"[65.93026346052288, 74.54061781250213]"
linewidth_shift,100000,cnn,23.66678851346175,0.2658095656214386,192,"[20.52452552260307, 27.33773472318779]"
linewidth_shift,100000,physics_cnn,23.614263782898586,0.21514838015221793,192,"[20.233382025955752, 26.959332758866726]"
linewidth_shift,100000,hybrid,24.082304685139178,0.0016057735716350394,192,"[20.065339467620145, 28.332235379257423]"
linewidth_shift,100000,gated_hybrid,24.08232312720718,0.0016309839878574678,192,"[19.834899432881905, 28.7675800681278]"
linewidth_shift,100000,Poisson_MLE_1,24.08448452774491,,192,
linewidth_shift,100000,Poisson_MLE_4,24.087236118779785,,192,
linewidth_shift,1000000,single_bias,67.11612393458684,0.3178642633261067,192,"[62.37315610431283, 71.45740565164836]"
linewidth_shift,1000000,cnn,10.161277217169603,0.5833108526507192,192,"[9.123827835069651, 11.261327758646292]"
linewidth_shift,1000000,physics_cnn,10.228119790554047,0.5977570190996924,192,"[9.149141630526646, 11.214048288142502]"
linewidth_shift,1000000,hybrid,7.039399876660952,0.00013497240974103954,192,"[6.136604687969724, 7.927156334006854]"
linewidth_shift,1000000,gated_hybrid,7.039398831811623,0.000134465132089541,192,"[6.193584403627109, 7.876999825584415]"
linewidth_shift,1000000,Poisson_MLE_1,7.039495395190457,,192,
linewidth_shift,1000000,Poisson_MLE_4,7.039657066294999,,192,
linewidth_shift,10000000,single_bias,69.25732890764873,0.9947767243287144,192,"[63.93850214444209, 73.97680547585713]"
linewidth_shift,10000000,cnn,7.759282986323039,0.736865057735877,192,"[6.875424486854826, 8.63953139210549]"
linewidth_shift,10000000,physics_cnn,7.894082150111596,0.7130653606449028,192,"[7.044513793031621, 8.780158009523566]"
linewidth_shift,10000000,hybrid,2.2107400190212356,2.004861692749647e-05,192,"[1.9623611157149812, 2.438576620735663]"
linewidth_shift,10000000,gated_hybrid,2.2107395279778785,2.0166770951582477e-05,192,"[1.9516453662244475, 2.4638098538882143]"
linewidth_shift,10000000,Poisson_MLE_1,2.210759755349152,,192,
linewidth_shift,10000000,Poisson_MLE_4,2.2107437651249895,,192,
hyperfine,100000,single_bias,71.48792097965877,0.39877580386850386,192,"[66.73065606839612, 76.09674025702235]"
hyperfine,100000,cnn,30.375645806392033,0.3544668911499312,192,"[27.374555664399143, 33.167557385606244]"
hyperfine,100000,physics_cnn,30.321260914206505,0.33262815544226426,192,"[27.313461433112654, 33.31188254132128]"
hyperfine,100000,hybrid,40.86942799116539,0.7689192362156504,192,"[32.682175191224694, 50.00675028022532]"
hyperfine,100000,gated_hybrid,40.86942799116539,0.7689192362156504,192,"[32.48318754625827, 51.00174354821871]"
hyperfine,100000,Poisson_MLE_1,38.31814723954588,,192,
hyperfine,100000,Poisson_MLE_4,42.33427910506356,,192,
hyperfine,1000000,single_bias,67.72305568059285,0.6081859488367775,192,"[63.332071712084115, 71.94207147368517]"
hyperfine,1000000,cnn,11.94055782010158,0.2700299157539732,192,"[10.823849898196588, 12.96967562235162]"
hyperfine,1000000,physics_cnn,11.912956833839417,0.2640081808208161,192,"[10.824154788849855, 13.000568300555752]"
hyperfine,1000000,hybrid,11.25500092720685,0.0005092843713431662,192,"[9.835398002478408, 12.753077570974197]"
hyperfine,1000000,gated_hybrid,11.25495954473722,0.0005072785023919332,192,"[9.747743036173997, 12.742586833055453]"
hyperfine,1000000,Poisson_MLE_1,11.254364213722214,,192,
hyperfine,1000000,Poisson_MLE_4,11.256477046675203,,192,
hyperfine,10000000,single_bias,68.38392466306686,0.4329446943396921,192,"[63.705901755099696, 72.98442936503147]"
hyperfine,10000000,cnn,6.599547651906808,0.8281972988680896,192,"[5.905437838214494, 7.247812931670752]"
hyperfine,10000000,physics_cnn,6.58555810029308,0.7741834081516131,192,"[5.870466128139208, 7.3328836399773705]"
hyperfine,10000000,hybrid,5.399117186806822,0.00019899408865788843,192,"[4.761169182807859, 6.078966500573155]"
hyperfine,10000000,gated_hybrid,5.3993415848958115,0.0001875137273056796,192,"[4.768493230711339, 6.08223596513259]"
hyperfine,10000000,Poisson_MLE_1,5.399324706564464,,192,
hyperfine,10000000,Poisson_MLE_4,5.399184136733474,,192,
baseline_drift,100000,single_bias,72.86243885755539,1.045427385086617,192,"[68.70480630507357, 77.07423008298066]"
baseline_drift,100000,cnn,22.00980732838313,1.1725943979354887,192,"[18.846723351051544, 25.23406818133489]"
baseline_drift,100000,physics_cnn,21.967414766550064,1.1373125808326425,192,"[18.8460329049661, 25.039457025483205]"
baseline_drift,100000,hybrid,19.387071208864626,0.14651490602128422,192,"[16.87076071619673, 21.864965215797973]"
baseline_drift,100000,gated_hybrid,19.38720930539199,0.14644122973062523,192,"[16.89993886708738, 21.813967960482508]"
baseline_drift,100000,Poisson_MLE_1,21.500687828927028,,192,
baseline_drift,100000,Poisson_MLE_4,18.96002360851826,,192,
baseline_drift,1000000,single_bias,72.37592091162999,0.2064381972289869,192,"[68.11350968035693, 76.88306982372241]"
baseline_drift,1000000,cnn,6.452725889782111,0.3255302239751124,192,"[5.847038769637551, 7.1250886812700225]"
baseline_drift,1000000,physics_cnn,6.4141880720853806,0.3211095610746437,192,"[5.8280622229960635, 7.01716370547382]"
baseline_drift,1000000,hybrid,4.950585200573076,8.484702340352163e-05,192,"[4.285736248696184, 5.602761242018727]"
baseline_drift,1000000,gated_hybrid,4.950576946089104,8.932523587626928e-05,192,"[4.308861700847896, 5.594612992090588]"
baseline_drift,1000000,Poisson_MLE_1,4.950506461735174,,192,
baseline_drift,1000000,Poisson_MLE_4,4.950678207357711,,192,
baseline_drift,10000000,single_bias,68.95177314678828,0.40340147986510694,192,"[64.46280910384091, 73.55901731623933]"
baseline_drift,10000000,cnn,3.737342543900013,0.27277757149091436,192,"[3.457716120574859, 4.048852385595239]"
baseline_drift,10000000,physics_cnn,3.705075088267525,0.2734365544565179,192,"[3.398452409741175, 4.007767562525321]"
baseline_drift,10000000,hybrid,1.6935529051246714,4.625985599274112e-05,192,"[1.436580132259133, 1.9811733827985467]"
baseline_drift,10000000,gated_hybrid,1.693540352184866,1.0289398713616145e-05,192,"[1.438486928005746, 1.9959954946950174]"
baseline_drift,10000000,Poisson_MLE_1,1.6935469150939744,,192,
baseline_drift,10000000,Poisson_MLE_4,1.6935385125008293,,192,
