experiment,budget,method,separation_mT,ncase,B_RMSE_uT,test_case_bootstrap95_uT,bias_uT,failure30uT,misfit_flag_rate
spin,100000,spin9_cnn,,192,27.71199165303508,"[24.435212583810827, 30.818017022736182]",-3.6884685400764283,0.22743055555555555,
spin,100000,cnn,,192,29.155579873454702,"[25.753259569810073, 32.50352751561263]",-5.3016290572587526,0.2708333333333333,
spin,100000,physics_cnn,,192,29.163493447899736,"[25.831766395289506, 32.474505054870384]",-5.34423131025758,0.2743055555555556,
spin,100000,two_line_MLE4,,192,35.898146451660935,"[31.725204013742974, 40.2103970815728]",-7.169217449618448,0.359375,0.010416666666666666
spin,100000,spin9_MLE4,,192,31.462775841079402,"[27.68937400572713, 35.20155803639303]",-2.553724611857762,0.3072916666666667,0.010416666666666666
spin,1000000,spin9_cnn,,192,8.759171901841365,"[7.933826616142132, 9.560646130209255]",-0.4982297710335438,0.0,
spin,1000000,cnn,,192,11.214822320814077,"[9.884640650547272, 12.519600539475089]",-3.5167479171983964,0.022569444444444444,
spin,1000000,physics_cnn,,192,11.224680805222931,"[9.992146542395416, 12.560463608529485]",-3.5445050358475783,0.020833333333333332,
spin,1000000,two_line_MLE4,,192,11.212354553330258,"[9.855457995082082, 12.612802594347361]",-4.012027233817152,0.010416666666666666,0.057291666666666664
spin,1000000,spin9_MLE4,,192,8.05969323401628,"[7.136318635342278, 8.986793275607583]",-0.31734289317135095,0.0,0.0
spin,10000000,spin9_cnn,,192,4.491397512876099,"[4.078412473826071, 4.912008845792723]",-0.16385324218819936,0.0,
spin,10000000,cnn,,192,7.109187314762255,"[6.2178779775223445, 8.017226249390665]",-2.9224279428490263,0.005208333333333333,
spin,10000000,physics_cnn,,192,7.130549840983497,"[6.220307030989206, 8.108929052734558]",-2.9763319830635737,0.005208333333333333,
spin,10000000,two_line_MLE4,,192,5.015989171480326,"[4.45284377589585, 5.546701453209009]",-2.626612404966942,0.0,0.7864583333333334
spin,10000000,spin9_MLE4,,192,2.356213108702134,"[2.088630205739197, 2.6412413287080714]",-0.03495319051169731,0.0,0.0
design,100000,MLE4,0.025,128,70.05306464513801,"[56.60300258590254, 83.46145412604763]",3.109615837365915,0.5234375,
design,100000,MLE4,0.05,128,40.24130303987,"[33.779165602541916, 46.642376127310015]",-4.9847118282556835,0.3359375,
design,100000,MLE4,0.1,128,24.91890727547598,"[19.585531946580357, 29.845202575504313]",-0.6522881824634896,0.15625,
design,100000,MLE4,0.25,128,19.727013167907778,"[16.330191725747703, 23.495938101929102]",-0.5403869055461977,0.140625,
design,1000000,MLE4,0.025,128,23.98591758417645,"[19.31563153311097, 28.548538340670927]",-3.901359813012876,0.1640625,
design,1000000,MLE4,0.05,128,11.273044808345064,"[9.086177641993126, 13.407214187756525]",0.3444757352457769,0.03125,
design,1000000,MLE4,0.1,128,8.570916446093888,"[6.557156059553953, 10.807618557852708]",0.4451354869850049,0.0078125,
design,1000000,MLE4,0.25,128,6.007444956203661,"[4.3991825951137615, 7.980552698131513]",-0.026270381523425562,0.0078125,
design,10000000,MLE4,0.025,128,8.173153201899492,"[6.721570261616198, 9.679178382630697]",-0.8950071459914182,0.0,
design,10000000,MLE4,0.05,128,4.689632311652065,"[3.706603995556771, 5.681406648526461]",0.4782617165357952,0.0,
design,10000000,MLE4,0.1,128,2.795301969998761,"[2.0794935218264943, 3.6996647004378884]",0.44637580242553865,0.0,
design,10000000,MLE4,0.25,128,1.5696140924955215,"[1.3408141508788942, 1.7962559642736284]",-0.08504090287793795,0.0,
gain,100000,two_bias_fixed_gain,,192,18.906329466215524,"[16.399030814777777, 21.334085706639325]",0.7020282853194123,0.109375,
gain,100000,three_bias_fixed_gain,,192,27.473685439449437,"[20.209866770575736, 35.16317963842557]",2.605059194374803,0.140625,
gain,100000,three_bias_gain_aware,,192,41.28423382050061,"[35.94162468042, 47.135726914892956]",0.061243785741723844,0.4114583333333333,
gain,100000,two_bias_oracle_gain,,192,18.7601195179098,"[16.011474741340646, 21.323216679890482]",-0.5389102893566164,0.10416666666666667,
gain,100000,three_bias_oracle_gain,,192,26.902915578896025,"[19.306190458086867, 34.585171952698246]",1.622036302685825,0.125,
gain,1000000,two_bias_fixed_gain,,192,8.778081752150257,"[7.8142189649048435, 9.790457035258548]",0.9194997365546786,0.005208333333333333,
gain,1000000,three_bias_fixed_gain,,192,7.673643072531086,"[6.8064938281851255, 8.565806515026003]",1.4364964341856394,0.0,
gain,1000000,three_bias_gain_aware,,192,17.646323005838394,"[14.122920370451013, 21.561880748483127]",1.0421838643179553,0.06770833333333333,
gain,1000000,two_bias_oracle_gain,,192,5.685830251675767,"[4.764035692340011, 6.6157901619931945]",-0.38083630329423884,0.0,
gain,1000000,three_bias_oracle_gain,,192,5.453867547713692,"[4.6269644217697845, 6.311074738725173]",0.39618472139348276,0.0,
gain,10000000,two_bias_fixed_gain,,192,7.318055926965877,"[6.6288883577938, 8.008443234183]",1.2472042015139515,0.0,
gain,10000000,three_bias_fixed_gain,,192,6.081859647634591,"[5.450460768175983, 6.6958195446868025]",1.0352882026620203,0.0,
gain,10000000,three_bias_gain_aware,,192,5.5294307250587345,"[4.655213891501552, 6.374651162522314]",-0.06808163463011407,0.0,
gain,10000000,two_bias_oracle_gain,,192,1.7839425325784448,"[1.4412908516067906, 2.1293362633747113]",0.04215567203033566,0.0,
gain,10000000,three_bias_oracle_gain,,192,1.6957041182484687,"[1.4481687587650236, 1.9256356890983175]",0.07035327080592844,0.0,
adaptive,100000,uniform,,192,41.804249971128165,"[35.90440125765101, 47.307080465233106]",1.8992527933199568,0.34375,
adaptive,100000,B_only,,192,45.73759804762672,"[39.657943779430816, 52.079352272830306]",-4.029796598052683,0.390625,
adaptive,100000,nuisance_aware,,192,34.747304422884866,"[27.621984616133513, 41.956852199487756]",0.015759608397488245,0.24479166666666666,
adaptive,1000000,uniform,,192,12.117769885548878,"[10.394151600231794, 13.842570234552642]",1.7469917756251618,0.020833333333333332,
adaptive,1000000,B_only,,192,14.17509998425806,"[10.376668361171522, 18.859215475716788]",0.4430479840182266,0.020833333333333332,
adaptive,1000000,nuisance_aware,,192,6.589954098943648,"[5.548896687670504, 7.543881749880545]",0.6824797448672891,0.0,
adaptive,10000000,uniform,,192,4.414347352284942,"[3.7221682894922825, 5.077387933828964]",0.7667015122152768,0.0,
adaptive,10000000,B_only,,192,4.996793607123839,"[3.9429754303474596, 6.027555325097439]",0.8412345089107033,0.0,
adaptive,10000000,nuisance_aware,,192,2.2180749224858882,"[1.84021945809724, 2.5983338675800556]",0.01006770100696821,0.0,
